sample,region,X,Y
8804652,EAST_MIDLANDS,435000,333000
11733949,EAST_MIDLANDS,524000,326000
12148469,EAST_MIDLANDS,404000,383000
12160288,EAST_MIDLANDS,470000,343000
12160869,EAST_MIDLANDS,475000,257000
12161591,EAST_MIDLANDS,478000,250000
12162161,EAST_MIDLANDS,462000,337000
12164670,EAST_MIDLANDS,455000,299000
12178615,EAST_MIDLANDS,490000,326000
12196518,EAST_MIDLANDS,454000,319000
12305785,EAST_MIDLANDS,403000,396000
12424630,EAST_MIDLANDS,504000,367000
12539242,EAST_MIDLANDS,522000,358000
12663617,EAST_MIDLANDS,450000,360000
12842840,EAST_MIDLANDS,479000,266000
13276348,EAST_MIDLANDS,456000,319000
13381046,EAST_MIDLANDS,475000,376000
13381072,EAST_MIDLANDS,470000,375000
13381074,EAST_MIDLANDS,508000,291000
13381081,EAST_MIDLANDS,469000,383000
13384567,EAST_MIDLANDS,493000,343000
13495299,EAST_MIDLANDS,449000,298000
13499328,EAST_MIDLANDS,492000,277000
14021716,EAST_MIDLANDS,474000,371000
14023381,EAST_MIDLANDS,433000,321000
14024054,EAST_MIDLANDS,484000,258000
14068659,EAST_MIDLANDS,536000,360000
14204445,EAST_MIDLANDS,502000,349000
14239600,EAST_MIDLANDS,497000,303000
14309628,EAST_MIDLANDS,510000,328000
14456716,EAST_MIDLANDS,444000,380000
14464904,EAST_MIDLANDS,539000,342000
14466933,EAST_MIDLANDS,493000,380000
14525762,EAST_MIDLANDS,479000,394000
14534108,EAST_MIDLANDS,405000,374000
14562745,EAST_MIDLANDS,459000,343000
14599253,EAST_MIDLANDS,455000,299000
14599265,EAST_MIDLANDS,502000,349000
14605399,EAST_MIDLANDS,475000,376000
14640403,EAST_MIDLANDS,478000,250000
14648413,EAST_MIDLANDS,452000,285000
14648806,EAST_MIDLANDS,478000,379000
14650715,EAST_MIDLANDS,537000,321000
14657642,EAST_MIDLANDS,516000,315000
14668187,EAST_MIDLANDS,479000,243000
14728195,EAST_MIDLANDS,475000,257000
14730794,EAST_MIDLANDS,474000,371000
14746557,EAST_MIDLANDS,547000,376000
14758807,EAST_MIDLANDS,470000,375000
14787121,EAST_MIDLANDS,464000,284000
14815819,EAST_MIDLANDS,402000,393000
14846585,EAST_MIDLANDS,508000,291000
14859414,EAST_MIDLANDS,458000,379000
14913679,EAST_MIDLANDS,497000,303000
15021729,EAST_MIDLANDS,440000,343000
15043702,EAST_MIDLANDS,459000,338000
15061280,EAST_MIDLANDS,462000,337000
15071172,EAST_MIDLANDS,506000,298000
15075333,EAST_MIDLANDS,479000,243000
15089611,EAST_MIDLANDS,450000,360000
15174174,EAST_MIDLANDS,547000,376000
15182057,EAST_MIDLANDS,457000,333000
15190816,EAST_MIDLANDS,452000,328000
15235616,EAST_MIDLANDS,438000,367000
15299066,EAST_MIDLANDS,457000,342000
15317157,EAST_MIDLANDS,479000,266000
15371396,EAST_MIDLANDS,452000,285000
15421949,EAST_MIDLANDS,509000,283000
15449831,EAST_MIDLANDS,448000,304000
15462972,EAST_MIDLANDS,507000,334000
15638003,EAST_MIDLANDS,438000,364000
16044931,EAST_MIDLANDS,501000,297000
8832245,EAST_OF_ENGLAND,633000,312000
9427886,EAST_OF_ENGLAND,585000,192000
11293212,EAST_OF_ENGLAND,637000,316000
11967690,EAST_OF_ENGLAND,597000,273000
12081866,EAST_OF_ENGLAND,506000,222000
12160260,EAST_OF_ENGLAND,557000,235000
12160310,EAST_OF_ENGLAND,618000,278000
12160865,EAST_OF_ENGLAND,558000,192000
12161954,EAST_OF_ENGLAND,582000,189000
12162490,EAST_OF_ENGLAND,564000,303000
12169508,EAST_OF_ENGLAND,580000,235000
12180917,EAST_OF_ENGLAND,563000,196000
12240056,EAST_OF_ENGLAND,641000,282000
12240819,EAST_OF_ENGLAND,544000,257000
12278834,EAST_OF_ENGLAND,524000,262000
12313230,EAST_OF_ENGLAND,600000,267000
12616294,EAST_OF_ENGLAND,573000,194000
12641722,EAST_OF_ENGLAND,586000,264000
12730434,EAST_OF_ENGLAND,509000,213000
12730453,EAST_OF_ENGLAND,575000,194000
12730454,EAST_OF_ENGLAND,595000,297000
12730473,EAST_OF_ENGLAND,599000,296000
12730491,EAST_OF_ENGLAND,615000,246000
12730515,EAST_OF_ENGLAND,508000,204000
12730516,EAST_OF_ENGLAND,616000,303000
12730534,EAST_OF_ENGLAND,584000,254000
12731044,EAST_OF_ENGLAND,585000,263000
12731148,EAST_OF_ENGLAND,602000,193000
12731285,EAST_OF_ENGLAND,537000,276000
12736138,EAST_OF_ENGLAND,523000,251000
12739095,EAST_OF_ENGLAND,592000,294000
12837678,EAST_OF_ENGLAND,620000,310000
13039633,EAST_OF_ENGLAND,563000,195000
13276313,EAST_OF_ENGLAND,519000,221000
13336628,EAST_OF_ENGLAND,565000,220000
13336784,EAST_OF_ENGLAND,619000,287000
13345924,EAST_OF_ENGLAND,553000,231000
13381062,EAST_OF_ENGLAND,545000,234000
13381070,EAST_OF_ENGLAND,616000,303000
13381079,EAST_OF_ENGLAND,549000,239000
13381108,EAST_OF_ENGLAND,570000,269000
13381110,EAST_OF_ENGLAND,598000,297000
13381203,EAST_OF_ENGLAND,598000,268000
13381234,EAST_OF_ENGLAND,613000,299000
13381540,EAST_OF_ENGLAND,607000,310000
13381557,EAST_OF_ENGLAND,528000,216000
13381747,EAST_OF_ENGLAND,524000,234000
13381752,EAST_OF_ENGLAND,525000,231000
13381938,EAST_OF_ENGLAND,631000,254000
13384545,EAST_OF_ENGLAND,543000,197000
13384555,EAST_OF_ENGLAND,617000,236000
13385165,EAST_OF_ENGLAND,650000,302000
13422749,EAST_OF_ENGLAND,508000,254000
13479110,EAST_OF_ENGLAND,572000,216000
13480143,EAST_OF_ENGLAND,521000,224000
13980787,EAST_OF_ENGLAND,572000,220000
14022925,EAST_OF_ENGLAND,554000,318000
14022926,EAST_OF_ENGLAND,597000,261000
14022944,EAST_OF_ENGLAND,596000,257000
14023343,EAST_OF_ENGLAND,525000,215000
14024627,EAST_OF_ENGLAND,603000,288000
14024745,EAST_OF_ENGLAND,518000,211000
14028122,EAST_OF_ENGLAND,566000,262000
14035499,EAST_OF_ENGLAND,547000,255000
14109924,EAST_OF_ENGLAND,612000,280000
14125291,EAST_OF_ENGLAND,522000,215000
14232185,EAST_OF_ENGLAND,556000,247000
14245034,EAST_OF_ENGLAND,547000,257000
14246105,EAST_OF_ENGLAND,608000,231000
14294396,EAST_OF_ENGLAND,531000,243000
14294410,EAST_OF_ENGLAND,556000,227000
14294411,EAST_OF_ENGLAND,514000,210000
14294456,EAST_OF_ENGLAND,633000,308000
14301489,EAST_OF_ENGLAND,501000,209000
14401255,EAST_OF_ENGLAND,597000,273000
14422937,EAST_OF_ENGLAND,556000,247000
14451894,EAST_OF_ENGLAND,648000,315000
14452762,EAST_OF_ENGLAND,581000,246000
14452996,EAST_OF_ENGLAND,547000,211000
14453186,EAST_OF_ENGLAND,532000,249000
14453241,EAST_OF_ENGLAND,539000,251000
14459700,EAST_OF_ENGLAND,507000,276000
14464771,EAST_OF_ENGLAND,623000,263000
14468585,EAST_OF_ENGLAND,538000,276000
14479782,EAST_OF_ENGLAND,579000,325000
14518357,EAST_OF_ENGLAND,622000,320000
14591624,EAST_OF_ENGLAND,642000,325000
14595561,EAST_OF_ENGLAND,617000,308000
14596716,EAST_OF_ENGLAND,557000,235000
14597249,EAST_OF_ENGLAND,633000,312000
14607207,EAST_OF_ENGLAND,617000,303000
14624729,EAST_OF_ENGLAND,580000,219000
14625536,EAST_OF_ENGLAND,621000,338000
14633707,EAST_OF_ENGLAND,572000,220000
14639747,EAST_OF_ENGLAND,537000,276000
14640003,EAST_OF_ENGLAND,547000,280000
14641989,EAST_OF_ENGLAND,514000,225000
14648897,EAST_OF_ENGLAND,612000,280000
14648914,EAST_OF_ENGLAND,600000,267000
14649902,EAST_OF_ENGLAND,662000,332000
14666688,EAST_OF_ENGLAND,565000,220000
14666831,EAST_OF_ENGLAND,556000,227000
14667202,EAST_OF_ENGLAND,554000,318000
14671406,EAST_OF_ENGLAND,571000,217000
14692692,EAST_OF_ENGLAND,567000,253000
14693282,EAST_OF_ENGLAND,613000,314000
14699910,EAST_OF_ENGLAND,606000,303000
14726905,EAST_OF_ENGLAND,501000,209000
14727699,EAST_OF_ENGLAND,544000,257000
14779126,EAST_OF_ENGLAND,648000,315000
14815155,EAST_OF_ENGLAND,640000,316000
14839169,EAST_OF_ENGLAND,535000,209000
14930620,EAST_OF_ENGLAND,545000,234000
14964228,EAST_OF_ENGLAND,566000,262000
14992967,EAST_OF_ENGLAND,523000,258000
15020177,EAST_OF_ENGLAND,622000,320000
15035839,EAST_OF_ENGLAND,613000,314000
15056275,EAST_OF_ENGLAND,572000,216000
15069736,EAST_OF_ENGLAND,579000,325000
15167285,EAST_OF_ENGLAND,520000,225000
15169154,EAST_OF_ENGLAND,595000,197000
15172239,EAST_OF_ENGLAND,538000,196000
15174325,EAST_OF_ENGLAND,562000,311000
15174959,EAST_OF_ENGLAND,572000,216000
15176251,EAST_OF_ENGLAND,566000,325000
15176384,EAST_OF_ENGLAND,557000,205000
15176963,EAST_OF_ENGLAND,533000,226000
15177106,EAST_OF_ENGLAND,608000,231000
15177141,EAST_OF_ENGLAND,515000,306000
15177364,EAST_OF_ENGLAND,501000,204000
15182027,EAST_OF_ENGLAND,572000,243000
15182232,EAST_OF_ENGLAND,601000,336000
15186321,EAST_OF_ENGLAND,519000,221000
15200988,EAST_OF_ENGLAND,544000,305000
15215289,EAST_OF_ENGLAND,523000,217000
15241965,EAST_OF_ENGLAND,517000,217000
15309135,EAST_OF_ENGLAND,507000,196000
15310775,EAST_OF_ENGLAND,510000,300000
15319506,EAST_OF_ENGLAND,633000,268000
15332133,EAST_OF_ENGLAND,606000,303000
15336532,EAST_OF_ENGLAND,589000,317000
15338976,EAST_OF_ENGLAND,587000,325000
15343573,EAST_OF_ENGLAND,539000,230000
15352374,EAST_OF_ENGLAND,536000,284000
15369969,EAST_OF_ENGLAND,601000,336000
15380284,EAST_OF_ENGLAND,540000,196000
15400333,EAST_OF_ENGLAND,599000,313000
15411855,EAST_OF_ENGLAND,605000,333000
15413237,EAST_OF_ENGLAND,546000,211000
15417697,EAST_OF_ENGLAND,557000,196000
15440614,EAST_OF_ENGLAND,528000,243000
15461921,EAST_OF_ENGLAND,558000,221000
15462986,EAST_OF_ENGLAND,580000,219000
15463116,EAST_OF_ENGLAND,603000,221000
15463331,EAST_OF_ENGLAND,574000,230000
15468277,EAST_OF_ENGLAND,572000,221000
15479965,EAST_OF_ENGLAND,573000,194000
15483528,EAST_OF_ENGLAND,576000,231000
15509532,EAST_OF_ENGLAND,622000,229000
15519391,EAST_OF_ENGLAND,545000,224000
15553813,EAST_OF_ENGLAND,554000,226000
15584052,EAST_OF_ENGLAND,579000,218000
15592994,EAST_OF_ENGLAND,538000,256000
15627681,EAST_OF_ENGLAND,624000,230000
15637868,EAST_OF_ENGLAND,570000,226000
15958500,EAST_OF_ENGLAND,575000,195000
16007572,EAST_OF_ENGLAND,598000,225000
16011583,EAST_OF_ENGLAND,601000,224000
7177466,LONDON,526000,186000
8571033,LONDON,545000,174000
9403878,LONDON,533000,181000
10904600,LONDON,518000,177000
11806766,LONDON,524000,184000
11971190,LONDON,544000,171000
12041894,LONDON,544000,192000
12160175,LONDON,528000,195000
12160314,LONDON,544000,171000
12160331,LONDON,518000,185000
12169128,LONDON,514000,171000
12233503,LONDON,526000,183000
12320706,LONDON,529000,180000
12730533,LONDON,542000,166000
12730629,LONDON,523000,186000
12730657,LONDON,532000,170000
12730989,LONDON,542000,174000
12731013,LONDON,520000,169000
12731128,LONDON,545000,192000
13279316,LONDON,526000,170000
13321960,LONDON,527000,183000
13381041,LONDON,543000,176000
13381098,LONDON,536000,168000
13381198,LONDON,509000,175000
13381403,LONDON,548000,176000
13595870,LONDON,516000,174000
13703326,LONDON,518000,171000
13955795,LONDON,516000,173000
14023284,LONDON,520000,170000
14024794,LONDON,533000,170000
14180087,LONDON,535000,191000
14449572,LONDON,545000,180000
14450060,LONDON,530000,178000
14450235,LONDON,524000,192000
14452016,LONDON,529000,184000
14453319,LONDON,514000,188000
14459095,LONDON,523000,190000
14464615,LONDON,518000,180000
14474422,LONDON,546000,167000
14493198,LONDON,522000,168000
14596093,LONDON,527000,183000
14596234,LONDON,529000,180000
14597266,LONDON,529000,184000
14606920,LONDON,512000,175000
14639237,LONDON,529000,180000
14641373,LONDON,516000,183000
14684971,LONDON,527000,172000
14721319,LONDON,518000,183000
14746901,LONDON,550000,176000
14752204,LONDON,530000,193000
14769106,LONDON,538000,194000
14842719,LONDON,526000,167000
14850038,LONDON,509000,175000
14912378,LONDON,527000,183000
14912386,LONDON,529000,180000
14912403,LONDON,529000,180000
14983785,LONDON,526000,183000
15060222,LONDON,536000,167000
15093689,LONDON,518000,185000
15165546,LONDON,540000,187000
15174701,LONDON,544000,160000
15174944,LONDON,548000,167000
15175365,LONDON,534000,184000
15175888,LONDON,521000,169000
15204083,LONDON,541000,164000
15207385,LONDON,546000,176000
15216172,LONDON,515000,180000
15304046,LONDON,526000,167000
15358102,LONDON,526000,173000
15386559,LONDON,514000,171000
15389570,LONDON,520000,177000
15389573,LONDON,525000,185000
15389579,LONDON,526000,167000
15425627,LONDON,526000,185000
15441021,LONDON,534000,183000
15449441,LONDON,546000,177000
15455392,LONDON,538000,194000
15463125,LONDON,517000,180000
15484959,LONDON,552000,183000
15519318,LONDON,540000,181000
15557822,LONDON,518000,180000
15734796,LONDON,524000,185000
16044909,LONDON,535000,174000
15420640,LONDON,516000,182000
12165378,NORTH_EAST,395000,549000
12352999,NORTH_EAST,436000,553000
12735537,NORTH_EAST,382000,556000
12735604,NORTH_EAST,419000,558000
13381117,NORTH_EAST,428000,571000
13381280,NORTH_EAST,401000,549000
14208409,NORTH_EAST,430000,574000
14353768,NORTH_EAST,448000,513000
14411417,NORTH_EAST,439000,560000
14583039,NORTH_EAST,419000,558000
14653576,NORTH_EAST,428000,516000
14847019,NORTH_EAST,392000,566000
15095032,NORTH_EAST,436000,553000
15177130,NORTH_EAST,379000,586000
15239322,NORTH_EAST,426000,566000
15300778,NORTH_EAST,395000,549000
15314638,NORTH_EAST,401000,550000
15416236,NORTH_EAST,439000,560000
15450476,NORTH_EAST,427000,566000
12160182,NORTH_WEST,308000,499000
12162082,NORTH_WEST,387000,375000
12165446,NORTH_WEST,345000,523000
12173812,NORTH_WEST,359000,407000
12196277,NORTH_WEST,342000,491000
12538916,NORTH_WEST,382000,388000
12730437,NORTH_WEST,346000,503000
12730466,NORTH_WEST,348000,457000
12730503,NORTH_WEST,381000,434000
12730568,NORTH_WEST,369000,388000
13208518,NORTH_WEST,357000,391000
13381090,NORTH_WEST,361000,346000
13381128,NORTH_WEST,327000,388000
13381247,NORTH_WEST,366000,402000
13381251,NORTH_WEST,369000,398000
13381400,NORTH_WEST,329000,407000
13381642,NORTH_WEST,337000,414000
13381669,NORTH_WEST,374000,442000
13480305,NORTH_WEST,347000,461000
13959837,NORTH_WEST,350000,415000
13993555,NORTH_WEST,396000,407000
14022940,NORTH_WEST,375000,449000
14023644,NORTH_WEST,350000,495000
14146806,NORTH_WEST,370000,436000
14241690,NORTH_WEST,367000,399000
14245236,NORTH_WEST,334000,416000
14310946,NORTH_WEST,350000,414000
14445962,NORTH_WEST,363000,378000
14459172,NORTH_WEST,367000,521000
14573740,NORTH_WEST,333000,384000
14595647,NORTH_WEST,340000,422000
14600596,NORTH_WEST,379000,363000
14619122,NORTH_WEST,378000,444000
14619133,NORTH_WEST,386000,431000
14635550,NORTH_WEST,357000,417000
14674750,NORTH_WEST,339000,480000
14713824,NORTH_WEST,330000,377000
14726762,NORTH_WEST,337000,388000
14787929,NORTH_WEST,387000,388000
14812235,NORTH_WEST,342000,491000
14815512,NORTH_WEST,355000,416000
14939803,NORTH_WEST,320000,474000
15026801,NORTH_WEST,342000,358000
15026816,NORTH_WEST,342000,361000
15040253,NORTH_WEST,363000,396000
15076233,NORTH_WEST,334000,416000
15086419,NORTH_WEST,334000,399000
15086595,NORTH_WEST,348000,527000
15174332,NORTH_WEST,336000,388000
15175357,NORTH_WEST,339000,480000
15176078,NORTH_WEST,345000,523000
15182136,NORTH_WEST,379000,418000
15187827,NORTH_WEST,355000,491000
15191332,NORTH_WEST,334000,503000
15199042,NORTH_WEST,346000,505000
15199244,NORTH_WEST,344000,484000
15216775,NORTH_WEST,344000,500000
15227412,NORTH_WEST,393000,410000
15234777,NORTH_WEST,360000,478000
15308099,NORTH_WEST,375000,368000
15314923,NORTH_WEST,366000,507000
15339818,NORTH_WEST,333000,386000
15355640,NORTH_WEST,330000,376000
15391633,NORTH_WEST,350000,471000
15399129,NORTH_WEST,366000,466000
15400499,NORTH_WEST,349000,411000
15401414,NORTH_WEST,345000,371000
15479718,NORTH_WEST,341000,391000
15564693,NORTH_WEST,370000,436000
15566228,NORTH_WEST,334000,395000
15589770,NORTH_WEST,355000,418000
16039757,NORTH_WEST,336000,391000
5361513,SCOTLAND,325000,677000
7855797,SCOTLAND,284000,645000
7863213,SCOTLAND,185000,731000
9141209,SCOTLAND,275000,676000
11831043,SCOTLAND,343000,738000
12160167,SCOTLAND,260000,873000
12160407,SCOTLAND,257000,561000
12160435,SCOTLAND,402000,840000
12162033,SCOTLAND,187000,889000
12164811,SCOTLAND,335000,1027000
12165131,SCOTLAND,328000,863000
12168381,SCOTLAND,290000,570000
12168394,SCOTLAND,312000,682000
12169192,SCOTLAND,239000,660000
12172705,SCOTLAND,345000,742000
12177163,SCOTLAND,308000,821000
12192024,SCOTLAND,368000,610000
12192312,SCOTLAND,306000,573000
12275679,SCOTLAND,270000,703000
12278346,SCOTLAND,258000,669000
12534031,SCOTLAND,317000,672000
12534033,SCOTLAND,322000,670000
12636140,SCOTLAND,333000,662000
12730441,SCOTLAND,325000,638000
12730973,SCOTLAND,268000,657000
13381182,SCOTLAND,306000,864000
13381227,SCOTLAND,249000,892000
13381243,SCOTLAND,346000,1011000
13381607,SCOTLAND,356000,634000
13381616,SCOTLAND,350000,846000
13476175,SCOTLAND,275000,878000
13479757,SCOTLAND,252000,820000
13479790,SCOTLAND,267000,846000
13491293,SCOTLAND,261000,866000
14023160,SCOTLAND,308000,687000
14027700,SCOTLAND,255000,670000
14028016,SCOTLAND,348000,828000
14241586,SCOTLAND,290000,683000
14241743,SCOTLAND,347000,805000
14294461,SCOTLAND,286000,851000
14295342,SCOTLAND,302000,860000
14296204,SCOTLAND,309000,684000
14302102,SCOTLAND,291000,813000
14445655,SCOTLAND,227000,643000
14449708,SCOTLAND,268000,576000
14456713,SCOTLAND,333000,865000
14456719,SCOTLAND,334000,861000
14457008,SCOTLAND,260000,832000
14459787,SCOTLAND,215000,559000
14464611,SCOTLAND,280000,691000
14516216,SCOTLAND,317000,672000
14528215,SCOTLAND,261000,689000
14561570,SCOTLAND,330000,1026000
14566510,SCOTLAND,323000,677000
14612541,SCOTLAND,279000,800000
14640902,SCOTLAND,322000,670000
14648192,SCOTLAND,306000,573000
14659286,SCOTLAND,227000,643000
14659452,SCOTLAND,312000,682000
14666824,SCOTLAND,239000,660000
14685456,SCOTLAND,375000,821000
14726322,SCOTLAND,384000,655000
14734207,SCOTLAND,333000,865000
14751166,SCOTLAND,232000,653000
14753593,SCOTLAND,290000,683000
14788416,SCOTLAND,402000,840000
14802606,SCOTLAND,334000,861000
14895139,SCOTLAND,291000,815000
15004484,SCOTLAND,278000,855000
15056797,SCOTLAND,257000,561000
15097379,SCOTLAND,252000,820000
15097706,SCOTLAND,267000,656000
15175241,SCOTLAND,280000,691000
15177809,SCOTLAND,306000,864000
15190955,SCOTLAND,331000,813000
15199147,SCOTLAND,309000,684000
15207340,SCOTLAND,355000,848000
15216185,SCOTLAND,249000,662000
15318669,SCOTLAND,218000,689000
15370670,SCOTLAND,328000,863000
15386176,SCOTLAND,270000,659000
15393026,SCOTLAND,375000,821000
15393428,SCOTLAND,270000,658000
15400534,SCOTLAND,366000,787000
15401455,SCOTLAND,388000,662000
15418268,SCOTLAND,327000,672000
15466616,SCOTLAND,260000,873000
15550828,SCOTLAND,252000,846000
15553419,SCOTLAND,279000,800000
15553486,SCOTLAND,292000,815000
15582571,SCOTLAND,191000,740000
15738487,SCOTLAND,331000,674000
15854633,SCOTLAND,264000,661000
16021635,SCOTLAND,317000,669000
16022328,SCOTLAND,225000,616000
16063969,SCOTLAND,264000,672000
16133132,SCOTLAND,254000,843000
7477621,SOUTH_EAST,545000,155000
8650909,SOUTH_EAST,473000,156000
8734927,SOUTH_EAST,490000,129000
8833576,SOUTH_EAST,603000,161000
9246271,SOUTH_EAST,465000,163000
9416704,SOUTH_EAST,470000,179000
11026990,SOUTH_EAST,483000,176000
11438902,SOUTH_EAST,450000,89000
11450803,SOUTH_EAST,455000,106000
11810615,SOUTH_EAST,531000,154000
11967596,SOUTH_EAST,442000,177000
11994241,SOUTH_EAST,487000,117000
11994244,SOUTH_EAST,495000,140000
12077839,SOUTH_EAST,472000,175000
12160125,SOUTH_EAST,585000,116000
12160233,SOUTH_EAST,607000,155000
12160368,SOUTH_EAST,555000,144000
12160637,SOUTH_EAST,480000,164000
12160737,SOUTH_EAST,534000,138000
12160904,SOUTH_EAST,550000,140000
12160907,SOUTH_EAST,422000,96000
12160916,SOUTH_EAST,574000,146000
12161572,SOUTH_EAST,485000,146000
12162156,SOUTH_EAST,475000,182000
12162347,SOUTH_EAST,495000,196000
12164991,SOUTH_EAST,469000,229000
12165004,SOUTH_EAST,476000,217000
12165014,SOUTH_EAST,453000,222000
12165706,SOUTH_EAST,571000,168000
12165813,SOUTH_EAST,467000,108000
12165860,SOUTH_EAST,447000,115000
12166162,SOUTH_EAST,430000,114000
12169131,SOUTH_EAST,515000,167000
12174058,SOUTH_EAST,473000,165000
12177270,SOUTH_EAST,440000,171000
12193172,SOUTH_EAST,416000,107000
12212870,SOUTH_EAST,443000,172000
12271313,SOUTH_EAST,480000,209000
12275736,SOUTH_EAST,485000,237000
12275767,SOUTH_EAST,634000,142000
12278359,SOUTH_EAST,481000,152000
12364671,SOUTH_EAST,473000,151000
12364843,SOUTH_EAST,486000,226000
12528528,SOUTH_EAST,563000,170000
12557649,SOUTH_EAST,637000,151000
12587053,SOUTH_EAST,519000,144000
12612893,SOUTH_EAST,482000,155000
12722452,SOUTH_EAST,449000,86000
12730450,SOUTH_EAST,466000,149000
12730451,SOUTH_EAST,465000,130000
12730457,SOUTH_EAST,480000,108000
12730482,SOUTH_EAST,454000,106000
12730520,SOUTH_EAST,550000,165000
12730531,SOUTH_EAST,568000,162000
12730590,SOUTH_EAST,482000,154000
12730627,SOUTH_EAST,489000,158000
12731112,SOUTH_EAST,566000,169000
12731198,SOUTH_EAST,489000,159000
12735329,SOUTH_EAST,434000,203000
12735335,SOUTH_EAST,521000,163000
12735356,SOUTH_EAST,431000,134000
12736457,SOUTH_EAST,514000,103000
12739668,SOUTH_EAST,451000,200000
12763477,SOUTH_EAST,467000,174000
13084405,SOUTH_EAST,426000,97000
13084413,SOUTH_EAST,558000,126000
13084444,SOUTH_EAST,458000,153000
13103198,SOUTH_EAST,421000,103000
13103488,SOUTH_EAST,434000,193000
13122956,SOUTH_EAST,447000,189000
13142252,SOUTH_EAST,443000,116000
13196991,SOUTH_EAST,453000,188000
13208448,SOUTH_EAST,450000,194000
13381020,SOUTH_EAST,541000,134000
13381025,SOUTH_EAST,458000,107000
13381026,SOUTH_EAST,526000,138000
13381028,SOUTH_EAST,504000,163000
13381036,SOUTH_EAST,446000,165000
13381077,SOUTH_EAST,415000,115000
13381091,SOUTH_EAST,576000,171000
13381106,SOUTH_EAST,423000,187000
13381118,SOUTH_EAST,464000,180000
13381144,SOUTH_EAST,596000,138000
13381150,SOUTH_EAST,480000,96000
13381151,SOUTH_EAST,565000,125000
13381210,SOUTH_EAST,507000,167000
13381222,SOUTH_EAST,474000,219000
13381440,SOUTH_EAST,524000,143000
13381564,SOUTH_EAST,500000,193000
13381580,SOUTH_EAST,429000,108000
13381729,SOUTH_EAST,479000,165000
13381743,SOUTH_EAST,476000,199000
13381781,SOUTH_EAST,496000,165000
13381790,SOUTH_EAST,449000,110000
13385181,SOUTH_EAST,491000,149000
13386028,SOUTH_EAST,566000,150000
13386042,SOUTH_EAST,521000,157000
13476299,SOUTH_EAST,629000,154000
13479208,SOUTH_EAST,489000,148000
13492441,SOUTH_EAST,517000,104000
13495252,SOUTH_EAST,576000,157000
13880978,SOUTH_EAST,538000,128000
13954583,SOUTH_EAST,438000,199000
14022877,SOUTH_EAST,515000,133000
14022946,SOUTH_EAST,497000,187000
14023606,SOUTH_EAST,589000,156000
14024088,SOUTH_EAST,534000,125000
14024105,SOUTH_EAST,494000,126000
14029067,SOUTH_EAST,496000,157000
14030217,SOUTH_EAST,487000,148000
14033453,SOUTH_EAST,460000,187000
14035494,SOUTH_EAST,516000,150000
14045909,SOUTH_EAST,496000,140000
14049508,SOUTH_EAST,497000,119000
14057309,SOUTH_EAST,608000,160000
14063444,SOUTH_EAST,439000,172000
14075136,SOUTH_EAST,562000,113000
14109948,SOUTH_EAST,460000,158000
14143851,SOUTH_EAST,516000,117000
14151090,SOUTH_EAST,447000,226000
14241594,SOUTH_EAST,501000,113000
14241604,SOUTH_EAST,610000,163000
14241661,SOUTH_EAST,621000,148000
14241666,SOUTH_EAST,473000,103000
14248692,SOUTH_EAST,512000,131000
14294409,SOUTH_EAST,500000,170000
14294473,SOUTH_EAST,579000,115000
14294706,SOUTH_EAST,479000,169000
14294783,SOUTH_EAST,451000,80000
14295062,SOUTH_EAST,455000,206000
14296223,SOUTH_EAST,532000,139000
14354097,SOUTH_EAST,449000,86000
14412063,SOUTH_EAST,633000,155000
14450056,SOUTH_EAST,517000,150000
14451718,SOUTH_EAST,534000,104000
14456737,SOUTH_EAST,483000,238000
14458790,SOUTH_EAST,490000,132000
14459811,SOUTH_EAST,472000,176000
14464773,SOUTH_EAST,472000,228000
14472742,SOUTH_EAST,501000,144000
14473527,SOUTH_EAST,494000,156000
14506423,SOUTH_EAST,447000,100000
14514859,SOUTH_EAST,461000,88000
14515337,SOUTH_EAST,448000,115000
14525218,SOUTH_EAST,448000,114000
14533178,SOUTH_EAST,466000,177000
14546771,SOUTH_EAST,473000,165000
14612623,SOUTH_EAST,540000,153000
14625599,SOUTH_EAST,480000,135000
14631855,SOUTH_EAST,462000,156000
14643723,SOUTH_EAST,637000,151000
14648245,SOUTH_EAST,632000,153000
14649228,SOUTH_EAST,619000,162000
14653120,SOUTH_EAST,516000,148000
14662703,SOUTH_EAST,535000,140000
14667868,SOUTH_EAST,634000,142000
14668981,SOUTH_EAST,494000,126000
14675111,SOUTH_EAST,596000,160000
14676834,SOUTH_EAST,449000,167000
14695165,SOUTH_EAST,476000,182000
14703095,SOUTH_EAST,579000,110000
14703188,SOUTH_EAST,465000,124000
14712328,SOUTH_EAST,541000,132000
14717795,SOUTH_EAST,480000,108000
14718739,SOUTH_EAST,456000,231000
14719656,SOUTH_EAST,607000,155000
14727168,SOUTH_EAST,495000,196000
14728372,SOUTH_EAST,485000,146000
14758689,SOUTH_EAST,547000,126000
14760682,SOUTH_EAST,483000,238000
14789195,SOUTH_EAST,426000,98000
14797027,SOUTH_EAST,585000,116000
14810109,SOUTH_EAST,579000,116000
14830424,SOUTH_EAST,566000,150000
14830650,SOUTH_EAST,475000,182000
14904993,SOUTH_EAST,591000,142000
14923959,SOUTH_EAST,502000,176000
14933165,SOUTH_EAST,484000,148000
15003234,SOUTH_EAST,469000,229000
15003237,SOUTH_EAST,476000,217000
15003252,SOUTH_EAST,453000,221000
15020509,SOUTH_EAST,442000,177000
15046097,SOUTH_EAST,448000,149000
15069668,SOUTH_EAST,466000,172000
15088121,SOUTH_EAST,516000,150000
15088594,SOUTH_EAST,485000,237000
15101068,SOUTH_EAST,455000,158000
15173892,SOUTH_EAST,551000,171000
15174103,SOUTH_EAST,501000,144000
15174335,SOUTH_EAST,426000,136000
15174784,SOUTH_EAST,574000,146000
15175901,SOUTH_EAST,468000,109000
15182793,SOUTH_EAST,462000,157000
15206898,SOUTH_EAST,495000,140000
15206914,SOUTH_EAST,490000,129000
15210733,SOUTH_EAST,559000,99000
15230630,SOUTH_EAST,499000,156000
15235268,SOUTH_EAST,427000,215000
15250290,SOUTH_EAST,502000,192000
15299506,SOUTH_EAST,516000,158000
15309463,SOUTH_EAST,632000,153000
15310657,SOUTH_EAST,490000,132000
15317102,SOUTH_EAST,572000,171000
15329591,SOUTH_EAST,505000,180000
15341603,SOUTH_EAST,500000,167000
15359105,SOUTH_EAST,507000,162000
15376409,SOUTH_EAST,465000,124000
15400502,SOUTH_EAST,493000,200000
15402795,SOUTH_EAST,487000,199000
15406693,SOUTH_EAST,487000,133000
15410139,SOUTH_EAST,538000,132000
15411269,SOUTH_EAST,527000,120000
15423116,SOUTH_EAST,486000,227000
15436971,SOUTH_EAST,477000,183000
15458511,SOUTH_EAST,529000,153000
15476152,SOUTH_EAST,533000,104000
15479578,SOUTH_EAST,550000,140000
15502545,SOUTH_EAST,487000,197000
15502805,SOUTH_EAST,492000,201000
15505522,SOUTH_EAST,454000,113000
15523764,SOUTH_EAST,528000,151000
15526705,SOUTH_EAST,451000,113000
15527401,SOUTH_EAST,468000,189000
15530077,SOUTH_EAST,468000,188000
15577686,SOUTH_EAST,509000,162000
15582117,SOUTH_EAST,559000,103000
15600315,SOUTH_EAST,591000,163000
15610927,SOUTH_EAST,504000,167000
15612027,SOUTH_EAST,490000,189000
15633170,SOUTH_EAST,475000,195000
15678365,SOUTH_EAST,421000,103000
15798860,SOUTH_EAST,552000,165000
16112468,SOUTH_EAST,533000,140000
7396241,SOUTH_WEST,386000,186000
7759881,SOUTH_WEST,364000,207000
7796360,SOUTH_WEST,273000,44000
8132940,SOUTH_WEST,314000,142000
12032318,SOUTH_WEST,302000,95000
12125322,SOUTH_WEST,363000,124000
12160202,SOUTH_WEST,139000,27000
12160296,SOUTH_WEST,360000,141000
12162297,SOUTH_WEST,388000,181000
12162435,SOUTH_WEST,285000,67000
12165797,SOUTH_WEST,283000,104000
12165828,SOUTH_WEST,282000,72000
12168493,SOUTH_WEST,366000,207000
12168545,SOUTH_WEST,269000,55000
12181006,SOUTH_WEST,353000,176000
12275672,SOUTH_WEST,347000,153000
12275674,SOUTH_WEST,303000,141000
12275766,SOUTH_WEST,322000,141000
12275868,SOUTH_WEST,366000,154000
12278360,SOUTH_WEST,330000,96000
12278361,SOUTH_WEST,288000,100000
12278530,SOUTH_WEST,361000,130000
12278963,SOUTH_WEST,337000,140000
12282697,SOUTH_WEST,366000,141000
12317157,SOUTH_WEST,355000,108000
12368276,SOUTH_WEST,174000,32000
12519292,SOUTH_WEST,334000,137000
12578169,SOUTH_WEST,349000,106000
12730468,SOUTH_WEST,226000,73000
12730472,SOUTH_WEST,419000,237000
12730499,SOUTH_WEST,413000,226000
12730570,SOUTH_WEST,138000,22000
12730594,SOUTH_WEST,336000,124000
12730616,SOUTH_WEST,397000,228000
12730713,SOUTH_WEST,378000,99000
12730999,SOUTH_WEST,333000,126000
12731118,SOUTH_WEST,385000,168000
12731143,SOUTH_WEST,212000,51000
12735358,SOUTH_WEST,393000,186000
12735384,SOUTH_WEST,354000,90000
12736062,SOUTH_WEST,327000,98000
12739090,SOUTH_WEST,341000,108000
12775583,SOUTH_WEST,325000,124000
12836127,SOUTH_WEST,381000,113000
12836218,SOUTH_WEST,387000,115000
13084409,SOUTH_WEST,405000,94000
13106671,SOUTH_WEST,365000,192000
13106736,SOUTH_WEST,386000,200000
13209958,SOUTH_WEST,402000,223000
13381029,SOUTH_WEST,410000,157000
13381030,SOUTH_WEST,374000,163000
13381092,SOUTH_WEST,211000,52000
13381099,SOUTH_WEST,400000,186000
13381206,SOUTH_WEST,313000,98000
13381325,SOUTH_WEST,367000,177000
13381372,SOUTH_WEST,382000,132000
13381444,SOUTH_WEST,355000,180000
13381547,SOUTH_WEST,415000,132000
13384542,SOUTH_WEST,380000,212000
13495285,SOUTH_WEST,371000,224000
13980813,SOUTH_WEST,264000,119000
13987144,SOUTH_WEST,420000,186000
13988874,SOUTH_WEST,360000,206000
14023396,SOUTH_WEST,388000,122000
14023666,SOUTH_WEST,396000,164000
14024631,SOUTH_WEST,247000,74000
14029048,SOUTH_WEST,224000,127000
14046147,SOUTH_WEST,254000,80000
14139020,SOUTH_WEST,234000,64000
14143426,SOUTH_WEST,182000,45000
14156865,SOUTH_WEST,289000,52000
14241723,SOUTH_WEST,388000,131000
14244989,SOUTH_WEST,391000,88000
14272878,SOUTH_WEST,292000,55000
14296582,SOUTH_WEST,338000,123000
14301457,SOUTH_WEST,400000,162000
14329556,SOUTH_WEST,237000,65000
14356206,SOUTH_WEST,370000,223000
14445970,SOUTH_WEST,415000,186000
14449654,SOUTH_WEST,323000,126000
14449711,SOUTH_WEST,412000,188000
14453157,SOUTH_WEST,400000,158000
14456997,SOUTH_WEST,250000,80000
14457239,SOUTH_WEST,419000,237000
14457430,SOUTH_WEST,144000,38000
14457438,SOUTH_WEST,308000,106000
14458169,SOUTH_WEST,165000,41000
14464604,SOUTH_WEST,343000,122000
14464790,SOUTH_WEST,321000,110000
14464806,SOUTH_WEST,347000,92000
14467319,SOUTH_WEST,388000,198000
14467432,SOUTH_WEST,240000,70000
14468582,SOUTH_WEST,330000,143000
14472301,SOUTH_WEST,381000,210000
14483145,SOUTH_WEST,207000,81000
14525522,SOUTH_WEST,275000,99000
14525884,SOUTH_WEST,315000,143000
14537745,SOUTH_WEST,418000,186000
14541262,SOUTH_WEST,197000,59000
14600546,SOUTH_WEST,89000,15000
14605621,SOUTH_WEST,374000,163000
14639358,SOUTH_WEST,200000,47000
14653010,SOUTH_WEST,247000,100000
14666963,SOUTH_WEST,226000,73000
14687240,SOUTH_WEST,300000,121000
14703321,SOUTH_WEST,406000,96000
14727015,SOUTH_WEST,414000,148000
14752488,SOUTH_WEST,276000,104000
14763879,SOUTH_WEST,367000,177000
14771347,SOUTH_WEST,234000,65000
14787399,SOUTH_WEST,407000,103000
14850428,SOUTH_WEST,277000,105000
14860656,SOUTH_WEST,396000,186000
14911379,SOUTH_WEST,397000,228000
14937993,SOUTH_WEST,338000,123000
14970533,SOUTH_WEST,341000,108000
14989687,SOUTH_WEST,211000,52000
14998806,SOUTH_WEST,359000,216000
15043752,SOUTH_WEST,383000,113000
15045260,SOUTH_WEST,348000,168000
15045698,SOUTH_WEST,350000,156000
15062258,SOUTH_WEST,259000,126000
15065304,SOUTH_WEST,400000,186000
15094903,SOUTH_WEST,400000,158000
15175508,SOUTH_WEST,394000,164000
15176748,SOUTH_WEST,405000,94000
15176751,SOUTH_WEST,395000,193000
15185853,SOUTH_WEST,401000,162000
15186877,SOUTH_WEST,167000,18000
15187923,SOUTH_WEST,371000,115000
15206456,SOUTH_WEST,365000,192000
15210732,SOUTH_WEST,324000,124000
15231354,SOUTH_WEST,391000,164000
15308954,SOUTH_WEST,401000,191000
15312575,SOUTH_WEST,402000,223000
15318802,SOUTH_WEST,251000,63000
15336255,SOUTH_WEST,329000,102000
15350403,SOUTH_WEST,404000,192000
15354172,SOUTH_WEST,377000,230000
15363850,SOUTH_WEST,247000,106000
15383334,SOUTH_WEST,394000,101000
15401494,SOUTH_WEST,243000,122000
15409482,SOUTH_WEST,222000,113000
15410385,SOUTH_WEST,375000,164000
15416227,SOUTH_WEST,382000,205000
15416640,SOUTH_WEST,367000,142000
15422067,SOUTH_WEST,251000,146000
15442233,SOUTH_WEST,399000,233000
15451822,SOUTH_WEST,401000,194000
15455514,SOUTH_WEST,393000,87000
15457665,SOUTH_WEST,92000,16000
15485567,SOUTH_WEST,246000,144000
15486385,SOUTH_WEST,260000,123000
15499282,SOUTH_WEST,197000,59000
15547461,SOUTH_WEST,182000,45000
15573275,SOUTH_WEST,330000,143000
15601073,SOUTH_WEST,243000,122000
15670518,SOUTH_WEST,295000,139000
15735849,SOUTH_WEST,383000,100000
15744074,SOUTH_WEST,385000,187000
15745107,SOUTH_WEST,371000,83000
16056889,SOUTH_WEST,292000,64000
7406315,WALES,201000,222000
7661098,WALES,335000,184000
7874502,WALES,263000,264000
8692520,WALES,243000,374000
8988144,WALES,293000,373000
12093796,WALES,316000,234000
12160170,WALES,325000,360000
12160210,WALES,261000,289000
12160223,WALES,256000,257000
12160224,WALES,198000,214000
12160889,WALES,285000,379000
12162142,WALES,256000,369000
12168502,WALES,327000,352000
12169481,WALES,307000,261000
12192375,WALES,190000,220000
12511085,WALES,284000,378000
12711294,WALES,239000,239000
12730517,WALES,286000,379000
12731152,WALES,322000,193000
12731174,WALES,352000,206000
12731357,WALES,318000,181000
13319216,WALES,309000,196000
13381122,WALES,256000,373000
13381185,WALES,315000,230000
13381238,WALES,266000,193000
13381252,WALES,334000,221000
13381854,WALES,196000,198000
13384618,WALES,311000,375000
14033790,WALES,281000,371000
14039589,WALES,294000,181000
14225069,WALES,341000,348000
14241606,WALES,223000,225000
14245435,WALES,259000,283000
14294653,WALES,347000,344000
14295210,WALES,307000,185000
14295328,WALES,211000,208000
14457980,WALES,196000,224000
14464818,WALES,239000,237000
14467028,WALES,202000,201000
14600348,WALES,351000,207000
14605606,WALES,294000,181000
14651150,WALES,243000,242000
14693700,WALES,254000,233000
14840896,WALES,281000,371000
14891629,WALES,334000,221000
14913770,WALES,195000,215000
14933552,WALES,214000,230000
14942256,WALES,322000,193000
14956160,WALES,235000,377000
15020267,WALES,299000,195000
15172876,WALES,263000,210000
15174192,WALES,255000,224000
15175628,WALES,282000,232000
15176964,WALES,257000,354000
15187537,WALES,298000,189000
15205985,WALES,273000,357000
15213899,WALES,215000,235000
15234716,WALES,347000,190000
15283432,WALES,205000,215000
15300275,WALES,306000,246000
15304123,WALES,235000,222000
15313955,WALES,326000,344000
15317778,WALES,304000,200000
15333324,WALES,339000,188000
15354189,WALES,202000,201000
15394422,WALES,313000,178000
15436236,WALES,260000,319000
15459269,WALES,294000,372000
15473625,WALES,315000,171000
15569764,WALES,301000,192000
15720842,WALES,288000,375000
15992785,WALES,278000,382000
7141707,WEST_MIDLANDS,404000,280000
7186257,WEST_MIDLANDS,439000,258000
11777047,WEST_MIDLANDS,431000,278000
11830750,WEST_MIDLANDS,372000,310000
12024898,WEST_MIDLANDS,373000,247000
12160144,WEST_MIDLANDS,364000,244000
12165097,WEST_MIDLANDS,370000,339000
12165862,WEST_MIDLANDS,393000,334000
12165921,WEST_MIDLANDS,408000,296000
12192155,WEST_MIDLANDS,427000,261000
12192246,WEST_MIDLANDS,359000,277000
12328275,WEST_MIDLANDS,429000,233000
12350694,WEST_MIDLANDS,401000,289000
12560502,WEST_MIDLANDS,380000,270000
12730432,WEST_MIDLANDS,404000,249000
12730562,WEST_MIDLANDS,360000,223000
12731094,WEST_MIDLANDS,374000,257000
13381024,WEST_MIDLANDS,385000,254000
13381033,WEST_MIDLANDS,344000,324000
14023413,WEST_MIDLANDS,413000,286000
14024111,WEST_MIDLANDS,329000,250000
14024396,WEST_MIDLANDS,409000,293000
14027468,WEST_MIDLANDS,390000,301000
14036582,WEST_MIDLANDS,431000,240000
14114222,WEST_MIDLANDS,435000,295000
14138650,WEST_MIDLANDS,330000,281000
14252405,WEST_MIDLANDS,449000,273000
14252415,WEST_MIDLANDS,380000,350000
14294769,WEST_MIDLANDS,363000,268000
14296519,WEST_MIDLANDS,368000,227000
14306452,WEST_MIDLANDS,371000,254000
14411736,WEST_MIDLANDS,344000,274000
14411925,WEST_MIDLANDS,370000,250000
14434006,WEST_MIDLANDS,400000,346000
14452832,WEST_MIDLANDS,399000,277000
14456907,WEST_MIDLANDS,325000,282000
14456973,WEST_MIDLANDS,422000,300000
14464769,WEST_MIDLANDS,368000,276000
14464772,WEST_MIDLANDS,386000,264000
14476014,WEST_MIDLANDS,412000,257000
14488995,WEST_MIDLANDS,412000,257000
14518781,WEST_MIDLANDS,357000,228000
14525595,WEST_MIDLANDS,367000,303000
14526077,WEST_MIDLANDS,356000,237000
14597670,WEST_MIDLANDS,380000,350000
14623629,WEST_MIDLANDS,366000,238000
14656656,WEST_MIDLANDS,361000,231000
14656881,WEST_MIDLANDS,416000,282000
14707716,WEST_MIDLANDS,431000,242000
14720022,WEST_MIDLANDS,435000,295000
14754500,WEST_MIDLANDS,421000,265000
14761384,WEST_MIDLANDS,393000,334000
14790592,WEST_MIDLANDS,329000,250000
14859457,WEST_MIDLANDS,371000,335000
14931276,WEST_MIDLANDS,370000,296000
14934568,WEST_MIDLANDS,364000,238000
15010425,WEST_MIDLANDS,391000,253000
15050473,WEST_MIDLANDS,398000,301000
15051113,WEST_MIDLANDS,412000,295000
15055603,WEST_MIDLANDS,370000,296000
15067926,WEST_MIDLANDS,386000,264000
15075642,WEST_MIDLANDS,387000,293000
15076813,WEST_MIDLANDS,351000,286000
15076873,WEST_MIDLANDS,449000,273000
15175047,WEST_MIDLANDS,356000,229000
15182164,WEST_MIDLANDS,371000,254000
15234833,WEST_MIDLANDS,364000,241000
15299058,WEST_MIDLANDS,390000,350000
15332007,WEST_MIDLANDS,370000,296000
15336088,WEST_MIDLANDS,374000,343000
15337269,WEST_MIDLANDS,394000,348000
15363388,WEST_MIDLANDS,362000,268000
15400669,WEST_MIDLANDS,407000,298000
15401730,WEST_MIDLANDS,376000,256000
15408322,WEST_MIDLANDS,390000,241000
15408392,WEST_MIDLANDS,326000,284000
15449436,WEST_MIDLANDS,424000,295000
15458222,WEST_MIDLANDS,396000,264000
15464184,WEST_MIDLANDS,359000,276000
15486383,WEST_MIDLANDS,429000,290000
15587746,WEST_MIDLANDS,382000,270000
15662733,WEST_MIDLANDS,436000,259000
15728272,WEST_MIDLANDS,413000,287000
7542633,YORKSHIRE_AND_THE_HUMBER,400000,427000
11026985,YORKSHIRE_AND_THE_HUMBER,529000,405000
11813674,YORKSHIRE_AND_THE_HUMBER,431000,425000
12160199,YORKSHIRE_AND_THE_HUMBER,504000,429000
12161571,YORKSHIRE_AND_THE_HUMBER,418000,498000
12164738,YORKSHIRE_AND_THE_HUMBER,474000,400000
12173003,YORKSHIRE_AND_THE_HUMBER,400000,427000
12173007,YORKSHIRE_AND_THE_HUMBER,395000,430000
12173012,YORKSHIRE_AND_THE_HUMBER,393000,425000
12202217,YORKSHIRE_AND_THE_HUMBER,408000,452000
12730446,YORKSHIRE_AND_THE_HUMBER,430000,380000
12731067,YORKSHIRE_AND_THE_HUMBER,435000,383000
13381023,YORKSHIRE_AND_THE_HUMBER,401000,446000
13381340,YORKSHIRE_AND_THE_HUMBER,432000,411000
13381376,YORKSHIRE_AND_THE_HUMBER,462000,393000
13385944,YORKSHIRE_AND_THE_HUMBER,399000,427000
13386033,YORKSHIRE_AND_THE_HUMBER,433000,389000
13389945,YORKSHIRE_AND_THE_HUMBER,429000,384000
13475523,YORKSHIRE_AND_THE_HUMBER,395000,430000
13479789,YORKSHIRE_AND_THE_HUMBER,444000,382000
14022896,YORKSHIRE_AND_THE_HUMBER,420000,462000
14033334,YORKSHIRE_AND_THE_HUMBER,471000,432000
14241629,YORKSHIRE_AND_THE_HUMBER,423000,447000
14241643,YORKSHIRE_AND_THE_HUMBER,449000,421000
14241660,YORKSHIRE_AND_THE_HUMBER,415000,409000
14258840,YORKSHIRE_AND_THE_HUMBER,435000,419000
14294720,YORKSHIRE_AND_THE_HUMBER,400000,429000
14296410,YORKSHIRE_AND_THE_HUMBER,432000,386000
14349716,YORKSHIRE_AND_THE_HUMBER,453000,382000
14404732,YORKSHIRE_AND_THE_HUMBER,450000,504000
14449427,YORKSHIRE_AND_THE_HUMBER,465000,445000
14449988,YORKSHIRE_AND_THE_HUMBER,453000,429000
14457435,YORKSHIRE_AND_THE_HUMBER,451000,480000
14459222,YORKSHIRE_AND_THE_HUMBER,468000,429000
14459676,YORKSHIRE_AND_THE_HUMBER,431000,450000
14465521,YORKSHIRE_AND_THE_HUMBER,427000,444000
14472571,YORKSHIRE_AND_THE_HUMBER,412000,428000
14525748,YORKSHIRE_AND_THE_HUMBER,489000,411000
14606717,YORKSHIRE_AND_THE_HUMBER,451000,480000
14643574,YORKSHIRE_AND_THE_HUMBER,450000,392000
14912103,YORKSHIRE_AND_THE_HUMBER,395000,430000
14912108,YORKSHIRE_AND_THE_HUMBER,399000,427000
14912143,YORKSHIRE_AND_THE_HUMBER,393000,425000
14938300,YORKSHIRE_AND_THE_HUMBER,401000,446000
15094736,YORKSHIRE_AND_THE_HUMBER,451000,480000
15102269,YORKSHIRE_AND_THE_HUMBER,427000,444000
15165486,YORKSHIRE_AND_THE_HUMBER,506000,427000
15175549,YORKSHIRE_AND_THE_HUMBER,439000,426000
15182752,YORKSHIRE_AND_THE_HUMBER,444000,405000
15304647,YORKSHIRE_AND_THE_HUMBER,439000,488000
15336660,YORKSHIRE_AND_THE_HUMBER,527000,405000
15402480,YORKSHIRE_AND_THE_HUMBER,454000,469000
15416713,YORKSHIRE_AND_THE_HUMBER,447000,506000
15417429,YORKSHIRE_AND_THE_HUMBER,420000,462000
15440468,YORKSHIRE_AND_THE_HUMBER,425000,439000
15545499,YORKSHIRE_AND_THE_HUMBER,434000,383000
15568988,YORKSHIRE_AND_THE_HUMBER,485000,509000
15574651,YORKSHIRE_AND_THE_HUMBER,504000,487000
15574693,YORKSHIRE_AND_THE_HUMBER,497000,490000
15582942,YORKSHIRE_AND_THE_HUMBER,431000,381000
15591784,YORKSHIRE_AND_THE_HUMBER,432000,380000
15777628,YORKSHIRE_AND_THE_HUMBER,427000,435000
15780246,YORKSHIRE_AND_THE_HUMBER,429000,434000
